[:failed, :failed, :failed]
total number of traces ran:
171
times per trace:
[0.219320443, 0.25333616, 1.027433494, 0.514444345, 0.545600505, 0.509555757, 0.521232655, 0.507297596, 0.526180625, 0.519187163, 0.510994624, 0.515471018, 0.524738599, 0.509829376, 0.515542658, 0.517199469, 0.509628723, 0.526740142, 0.625237515, 0.014300924, 0.521827639, 0.578852582, 0.554199297, 0.533099646, 0.54600605, 0.514286491, 0.546788622, 0.555950896, 0.536007001, 0.56059829, 0.53148762, 0.586655921, 0.525881013, 0.53275851, 0.575233992, 0.509442192, 0.547266881, 0.064123509, 0.526405525, 0.525260131, 0.539710296, 0.516655204, 0.523063757, 0.535174541, 0.522623025, 0.543951478, 1.003842493, 0.50467151, 0.010317228, 0.007208067, 1.005058749, 0.038259656, 0.014957965, 0.007497931, 0.070058727, 0.036639524, 0.04945131, 1.012997542, 0.003823141, 0.003478429, 0.252761123, 0.006570178, 0.022893617, 0.261443211, 0.001901062, 0.003005934, 0.0036137, 0.028632935, 0.209971158, 0.013673028, 0.024196135, 0.010666748, 0.314894999, 0.339012653, 0.026565741, 0.269055084, 0.039913843, 0.187888068, 0.038508757, 0.186032217, 0.033125587, 0.161170101, 0.317707478, 0.252619768, 0.029470504, 0.172001172, 0.266851726, 0.153475964, 0.292126317, 0.026364783, 0.09335882, 1.029670073, 0.185491225, 0.036570377, 0.069521168, 0.07335627, 0.05722167, 0.022036842, 0.022488016, 0.021402122, 0.529260172, 1.002719811, 1.00446798, 1.000548253, 0.520889464, 0.106698415, 0.046491399, 0.255363588, 0.077833057, 0.057359265, 0.013179346, 0.007280723, 0.006556233, 0.023012191, 0.023780857, 0.003171715, 0.050659704, 0.039938323, 0.01445316, 0.033744024, 0.010816096, 0.019185318, 0.021363342, 0.509321231, 1.009097945, 0.523451254, 1.01480892, 0.513451161, 1.01262455, 0.013383546, 0.008381991, 0.525603704, 0.053437719, 0.020942963, 0.025780423, 0.012753077, 0.031367266, 0.037067745, 0.010560733, 0.030344901, 0.012993739, 0.034599811, 0.513751055, 1.000409292, 1.000955896, 1.004819602, 0.516697342, 0.99953377, 0.504307979, 0.51155333, 0.003127276, 0.00583541, 0.002964405, 0.002123696, 0.026880467, 0.023351312, 0.017347529, 0.015465589, 0.004025684, 0.019603834, 0.023188621, 0.032764455, 0.030751753, 0.027759425, 0.025311121, 0.020238233, 0.509812225, 1.00348822, 0.504692547, 0.524296019, 1.000399619]
