[:failed, :failed, :failed, :failed, :passed, :failed, :failed, :passed, :failed, :failed]
total number of traces ran:
144
times per trace:
[0.058701135, 0.026012642, 0.061647029, 0.012521686, 6.250508364, 0.079329616, 0.050578815, 6.110861247, 0.04013104, 0.008680159, 0.00322546, 0.002652959, 0.004642233, 0.006703695, 0.003346561, 0.019176404, 0.002824391, 0.009376741, 0.004668715, 0.004915304, 0.00427555, 0.002824013, 0.014037399, 0.007610342, 0.003088892, 0.005405345, 0.020957403, 0.002155452, 0.016706253, 0.00250492, 0.008164893, 0.005249989, 0.003033101, 0.033299938, 0.003603957, 0.004807341, 0.012176287, 0.017601939, 0.005116132, 0.002421292, 0.006042016, 0.018737597, 0.007930804, 0.015505305, 0.018205364, 0.014293388, 0.022843123, 0.007818176, 0.010874275, 0.006407543, 0.003385285, 0.014358667, 0.023620206, 0.009260224, 0.030335908, 0.003922295, 0.030631463, 0.010331497, 0.005608994, 0.019779104, 0.002641565, 0.002176196, 0.002160649, 0.002640595, 0.024106355, 0.009030265, 0.012530948, 0.007597218, 0.009777718, 0.003755493, 0.01015504, 0.0085737, 0.020768076, 0.016081803, 0.008625049, 0.014264491, 0.016527656, 0.508249215, 0.564068183, 0.05535967, 0.037655822, 0.518303368, 0.030047183, 0.01033663, 0.007470648, 0.015409699, 0.520652486, 0.047234101, 0.029082473, 0.01317546, 0.004968715, 0.527859429, 0.023167825, 0.023668979, 0.526962166, 0.00259751, 0.525209391, 0.517836108, 0.016360574, 0.52021031, 0.023101782, 0.010413974, 0.505365371, 0.00232621, 0.519367806, 0.029267298, 0.00906275, 0.005781153, 0.511872476, 0.018827931, 0.51156819, 0.020637381, 0.007664322, 0.502272665, 0.516451271, 0.014009991, 0.51162163, 0.023231016, 0.010241335, 0.006821491, 0.518874654, 0.509679522, 0.524963281, 0.524846001, 0.504644535, 0.518520325, 0.515334834, 0.513430399, 0.515102842, 0.503548278, 0.523673643, 0.511722272, 0.528412553, 0.506582329, 0.513309931, 0.504599355, 0.507271359, 0.520958104, 0.506879035, 0.504413579, 0.518671559, 0.520655634, 0.509728857, 0.516929096]
