[:failed, :passed, :failed, :failed, :failed, :failed, :failed, :failed, :failed, :failed]
total number of traces ran:
109
times per trace:
[0.015381391, 6.04845097, 0.005941945, 0.002819489, 0.00942312, 0.018924542, 0.074106649, 0.034200851, 0.006764106, 0.03972089, 0.001773406, 0.003384233, 0.003277235, 0.001820828, 0.002592074, 0.034374566, 0.002623704, 0.001481206, 0.001629837, 0.002705371, 0.001619764, 0.004011623, 0.001455063, 0.004380942, 0.003984111, 0.004795017, 0.001530414, 0.00137557, 0.001366681, 0.001957449, 0.001259356, 0.001819663, 0.002654558, 0.006492254, 0.001920356, 0.00114873, 0.001102453, 0.000933524, 0.002006441, 0.001466229, 0.002521512, 0.003208918, 0.012509374, 0.006395289, 0.00326955, 0.003861968, 0.002038198, 0.00125112, 0.002067336, 0.011045069, 0.00380904, 0.00176684, 0.002068046, 0.002930358, 0.002851414, 0.01720512, 0.007861132, 0.00334271, 0.004398387, 0.001373594, 0.023484649, 0.012924552, 0.009847065, 0.005947901, 0.010317563, 0.007806131, 0.004547928, 0.006567839, 0.002681821, 0.001209275, 0.010538835, 0.005572776, 0.005090684, 0.002622946, 0.002756527, 0.001142291, 0.001802721, 0.002157667, 0.008324619, 0.005228603, 0.505063649, 0.008684728, 0.010067748, 0.01077365, 0.018469477, 0.012937694, 0.501610717, 0.501215516, 0.51673269, 0.504237081, 0.006096539, 0.507819031, 0.002354892, 0.001928657, 0.510825941, 0.509769935, 0.507231723, 0.504142661, 0.001880303, 0.00141706, 0.003489258, 0.002811876, 0.004856664, 0.001789551, 0.002380883, 0.005551891, 0.003368405, 0.001570038, 0.008373295]
