;Total number of test cases ran;Average number of test cases ran per shrink;Total time spent shrinking;Mean time spent per trace;Mean shrinking percentage - total;Mean shrinking percentage - input
ShortestPathShrinker;248;3.3972602739726026;99.716712377;1.365982361328767;80.99830676603717;81.2469774870379
ShortestPathLabelCount;194;2.6575342465753424;68.096461829;0.9328282442328768;80.99830676603717;81.2469774870379
PartialOrderShrinker;214;2.9315068493150687;78.08008288799999;1.0695901765479452;80.99830676603717;81.2469774870379
CycleShrink2;145;1.9863013698630136;29.047629038999997;0.3979127265616438;80.99830676603717;81.2469774870379
BinaryShrink2;516;7.068493150684931;113.817728804;1.5591469699178082;80.42844299949995;80.66736510970767
CycleShrink2, ElemShrink2;308;4.219178082191781;104.35681235300001;1.4295453746986302;81.05536012168947;81.30403084269021
CycleShrink2, BinaryShrink2;290;3.9726027397260273;82.55850508500001;1.130938425821918;81.05536012168947;81.30403084269021
