[:failed, :failed, :failed, :failed, :failed, :failed, :failed, :failed, :failed, :passed]
total number of traces ran:
98
times per trace:
[0.036637972, 0.007661404, 0.004289186, 0.003159511, 0.098503893, 0.046607695, 0.067584943, 0.085397989, 0.082645364, 6.098607752, 0.004057086, 0.0023487, 0.022219125, 0.00196428, 0.001885069, 0.002859001, 0.008537692, 0.002192695, 0.002883137, 0.00528305, 0.005164285, 0.002908975, 0.001552807, 0.013574745, 0.005063719, 0.010374645, 0.008109654, 0.001520694, 0.002305488, 0.00251846, 0.001262185, 0.005705367, 0.00145194, 0.00159867, 0.001599393, 0.008589123, 0.00209266, 0.013231269, 0.005222792, 0.002475181, 0.001742509, 0.003160296, 0.003376403, 0.004730089, 0.006061139, 0.006354561, 0.003909012, 0.020084912, 0.00771126, 0.007660477, 0.00288936, 0.005582731, 0.001697391, 0.003164982, 0.008505531, 0.001763428, 0.004182878, 0.011535788, 0.006732468, 0.00583016, 0.004763353, 0.001490014, 0.003065038, 0.011822645, 0.003328699, 0.001819869, 0.004199081, 0.00368324, 0.013868297, 0.007948598, 0.005188118, 0.002713025, 0.004685326, 0.004042968, 0.001522242, 0.003898841, 0.002748232, 0.003783124, 0.512680773, 0.001340031, 0.510098834, 0.503954327, 0.50024179, 0.501860376, 0.500126749, 0.499984085, 0.002293256, 0.501116938, 0.500181693, 0.001051567, 0.001148344, 0.000896163, 0.001003168, 0.000780793, 0.000953242, 0.001304996, 0.00086325, 0.001045522]
