[:failed, :failed, :failed]
total number of traces ran:
106
times per trace:
[0.108268977, 0.681272844, 0.144390887, 0.012428498, 0.025497528, 0.028705413, 0.019528163, 0.0323006, 0.012539548, 0.06977524, 0.017269882, 0.060296069, 0.007300902, 0.028089885, 0.045782697, 0.039526931, 0.026967895, 0.522164823, 0.255999737, 0.042045008, 0.031875221, 0.028360965, 0.033594617, 0.019933477, 0.510059343, 0.022447988, 0.028875222, 0.012330371, 0.511565793, 0.022096341, 0.020228614, 0.50406951, 0.003990459, 0.236306925, 0.298233591, 0.276475814, 0.203315445, 0.018484904, 0.001588781, 0.365333405, 0.625785065, 0.032594013, 1.313493258, 0.292382265, 0.554141422, 0.442638382, 0.091236083, 0.013080093, 0.019537465, 0.371047142, 0.042506086, 0.122449937, 0.349784613, 0.020706597, 0.155581299, 0.224269695, 0.024092806, 0.040081416, 0.04124899, 0.517975959, 0.13263307, 0.055206806, 0.022934838, 0.519125417, 0.511813192, 0.018160729, 0.517560144, 0.504920583, 0.520472257, 0.012234321, 0.506647349, 0.520701209, 0.514975992, 0.514488689, 0.520294232, 0.52598096, 0.508658966, 0.521905784, 0.029224624, 0.018762595, 0.034572404, 0.50851826, 0.017353117, 0.523562364, 0.51972497, 0.51001033, 0.501964082, 0.539888753, 0.524919599, 0.00993175, 0.516474757, 0.515137692, 0.509172472, 0.525322555, 0.509631499, 0.514333774, 0.506461837, 0.517468973, 0.52340592, 0.51751454, 0.021031502, 0.508629589, 0.516595505, 0.011906982, 0.515587557, 0.52043292]
