[:failed, :failed, :failed]
total number of traces ran:
124
times per trace:
[0.070182411, 0.040446829, 0.052517765, 0.516589036, 0.530554547, 0.542192835, 0.522003449, 0.517488617, 0.508844967, 0.559663252, 0.511591597, 0.532643621, 0.633463744, 0.545599906, 0.519189422, 0.025337311, 0.512685736, 0.533176465, 0.539597728, 0.506070295, 0.508857625, 0.513420917, 0.508466335, 0.513603453, 0.530749388, 0.509197323, 0.513660891, 0.521352499, 0.518654394, 0.512140287, 0.510056741, 0.510058567, 0.505641199, 0.51164329, 0.004596607, 0.51556804, 0.506949914, 0.512077571, 0.511509391, 0.508085907, 0.546567981, 0.51348845, 0.50843302, 0.515446769, 0.005265033, 0.006095272, 0.004883046, 0.01932967, 0.024815588, 0.020044721, 0.005345707, 0.039831119, 0.016779984, 0.001851797, 0.030413295, 0.002480477, 0.001620979, 0.005642328, 0.020592141, 0.01660184, 0.018761671, 0.007305335, 0.01118302, 0.005383246, 0.00496819, 0.010781882, 0.008288062, 0.001870709, 0.048685151, 0.026900767, 0.012558248, 0.043764619, 0.024671773, 0.033839337, 0.003325715, 0.010677455, 0.026342337, 0.025333369, 0.022327496, 0.016740661, 0.022637798, 0.027969147, 0.026801762, 0.035561261, 0.020813139, 0.513620427, 0.022560353, 0.035902011, 0.02398299, 0.024492718, 0.010934593, 0.010720523, 0.010207165, 0.017078546, 0.505069559, 0.011137617, 0.006229731, 0.003568669, 0.003087023, 0.504565554, 0.026983132, 0.013561932, 0.008210331, 0.010503813, 0.01384295, 0.011704203, 0.002942209, 0.501572989, 0.509846282, 0.006857218, 0.006446443, 0.003535227, 0.004209767, 0.004701134, 0.002802385, 0.009005199, 0.006510036, 0.005433515, 0.010622019, 0.005866243, 0.510282064, 0.007571246, 0.012747385, 0.004209892]
