[:failed, :failed, :failed, :failed, :failed, :failed, :failed, :failed, :failed, :failed]
total number of traces ran:
157
times per trace:
[0.010255989, 0.026552497, 0.056339253, 0.004615532, 0.042517321, 0.014602775, 0.01957064, 0.066349387, 0.043024712, 0.006653693, 0.005819733, 0.002278927, 0.013425532, 0.007244738, 0.025949789, 0.029915717, 0.004001738, 0.013192478, 0.005928717, 0.016976739, 0.002007756, 0.006650112, 0.006350677, 0.001423897, 0.004173964, 0.010865751, 0.003367113, 0.01107252, 0.009035035, 0.012000047, 0.002580576, 0.020184772, 0.001528241, 0.002262024, 0.010220957, 0.004051282, 0.001954835, 0.01545311, 0.001916863, 0.004362844, 0.007980384, 0.003090358, 0.002897135, 0.002012922, 0.011436189, 0.004071423, 0.004478738, 0.010495875, 0.004058128, 0.01652668, 0.01220468, 0.003293913, 0.00266745, 0.007820218, 0.003209697, 0.005315263, 0.007967802, 0.007339049, 0.002253761, 0.002656044, 0.003031291, 0.002860561, 0.017626387, 0.001748614, 0.012876967, 0.002912769, 0.001788234, 0.012546898, 0.008755151, 0.002134641, 0.029583653, 0.007456727, 0.008410382, 0.002731632, 0.011955737, 0.007655693, 0.01287507, 0.003242233, 0.002503884, 0.001391705, 0.001868139, 0.009197086, 0.002925152, 0.001710357, 0.001685057, 0.008651139, 0.002843196, 0.002790351, 0.005137128, 0.00173174, 0.005261217, 0.016264877, 0.504727365, 0.019147755, 0.006858859, 0.003081081, 0.510833065, 0.004134966, 0.001414882, 0.026028921, 0.005787445, 0.00535851, 0.007807847, 0.018333722, 0.504531006, 0.032037978, 0.005226534, 0.003765216, 0.001944685, 0.516531475, 0.038496951, 0.012571187, 0.010396437, 0.008848129, 0.502323858, 0.515859436, 0.002835746, 0.006615698, 0.01905956, 0.01371778, 0.010828897, 0.51997276, 0.004588274, 0.060264992, 0.002552474, 0.006225226, 0.030351173, 0.007166691, 0.010546894, 0.019217091, 0.036661826, 0.009750803, 0.001977128, 0.502293358, 0.50200738, 0.522249158, 0.502111537, 0.535071402, 0.525549867, 0.508037565, 0.503757906, 0.518343861, 0.5157879, 0.506251086, 0.512431662, 0.52040171, 0.509108063, 0.005780359, 0.525811758, 0.006346211, 0.003790613, 0.515501195, 0.5087355, 0.001880953, 0.514782468, 0.015575332, 0.015326659]
