[:failed, :failed, :failed]
total number of traces ran:
114
times per trace:
[0.032561679, 0.315144173, 0.187794678, 0.532185527, 0.514623124, 0.007511848, 0.504854776, 0.503420843, 0.003202322, 0.504749876, 0.510624424, 0.539269661, 0.033559994, 0.506049379, 0.007905884, 0.502019061, 0.005245687, 0.507538472, 0.014274972, 0.004007293, 0.021056263, 0.016580617, 0.025506226, 0.007170287, 0.5185847, 0.060155198, 0.036990856, 0.021427142, 0.55188408, 0.002557659, 0.461887946, 0.002151167, 0.033520423, 0.364533565, 0.091126165, 0.067703148, 0.050480389, 0.548797376, 0.369801989, 0.302123744, 0.029576952, 0.032825642, 0.040682483, 0.239321634, 0.038425624, 0.23823539, 0.053784902, 0.197090655, 0.220823611, 0.528745174, 0.142676829, 0.066034879, 0.030204126, 0.046772343, 0.038672203, 0.0472332, 0.036934974, 0.015534448, 0.517680872, 0.014006493, 0.015032699, 0.041176793, 0.046973088, 0.191637002, 0.067568269, 0.16439933, 0.041057801, 0.088496263, 0.156695835, 0.0285666, 0.046730118, 0.128478169, 0.034805909, 0.005276391, 0.130721051, 0.030310789, 0.133236099, 0.049583573, 0.150438419, 0.094235352, 0.532607489, 0.06818676, 0.113499434, 0.082268683, 0.147837637, 0.073158767, 0.060426585, 0.045594545, 0.042297562, 0.609126548, 0.087994887, 0.039900515, 0.570696262, 0.055286723, 0.574721483, 0.044530266, 0.035845133, 0.05561402, 0.504071895, 0.504985361, 0.503353926, 0.507572026, 0.028879927, 0.011410797, 0.020721824, 0.014696997, 0.509439869, 0.505201358, 0.505174476, 0.505103193, 0.517485768, 0.033719578, 0.02658524, 0.010086521]
