[:failed, :failed, :failed]
total number of traces ran:
62
times per trace:
[0.138334211, 0.017571615, 1.080303847, 0.016195337, 0.013811166, 1.048695234, 0.014482943, 0.007556312, 1.019323527, 0.036553334, 0.013571475, 0.014969706, 0.028024224, 1.004791307, 1.012525138, 0.005022864, 0.052321179, 0.021210695, 0.005151356, 0.023634483, 0.013791089, 0.015513899, 0.014964467, 0.018181686, 0.515688893, 0.004862666, 0.503690689, 0.005009453, 0.502309241, 0.002853108, 1.026080628, 1.019125128, 0.038508821, 1.019997592, 1.00030346, 0.511251111, 0.514059306, 1.018319428, 1.022811765, 0.0051045, 0.00466785, 0.033238843, 0.504376622, 0.074053263, 0.058450018, 0.532668683, 0.018095812, 0.510809136, 0.507503129, 0.520540472, 0.50252057, 0.002833091, 0.017249624, 0.014522397, 0.018952204, 0.511047188, 0.016771323, 0.509316911, 0.012071304, 0.508019324, 0.538186886, 0.512674876]
