[:failed, :failed, :failed, :failed, :failed, :failed, :failed, :failed, :failed, :failed]
total number of traces ran:
152
times per trace:
[0.154427695, 0.040693803, 0.007241708, 0.00618693, 0.055791651, 0.039795633, 0.05020252, 0.012432438, 0.028889196, 0.008004823, 0.002100126, 0.001837887, 0.001741656, 0.001975501, 0.001786544, 0.003116247, 0.002230335, 0.005024595, 0.009838467, 0.003031229, 0.010398217, 0.003319899, 0.008639321, 0.008239352, 0.003991117, 0.004060547, 0.004038826, 0.011741282, 0.003658041, 0.00350729, 0.002149301, 0.003238675, 0.002115698, 0.002539288, 0.002827787, 0.00329342, 0.002284789, 0.004268116, 0.012812057, 0.003406903, 0.003065795, 0.003358376, 0.002658554, 0.002915723, 0.005321766, 0.016472597, 0.002736755, 0.030782536, 0.002403454, 0.00494571, 0.004675075, 0.003256531, 0.003768824, 0.002611923, 0.511726232, 0.217665816, 0.061478576, 0.035617167, 0.007226698, 0.064333865, 0.052501605, 0.059491468, 0.00615197, 0.550123707, 0.573143664, 0.185661238, 0.182131862, 0.14072825, 0.114189471, 0.022913677, 0.136824094, 0.038007843, 0.036008789, 0.038361317, 0.008517849, 0.530203257, 0.519633819, 0.007755594, 0.014071733, 0.021237782, 0.01693336, 0.509697468, 0.005582337, 0.504800419, 0.051320389, 0.550593255, 0.014073158, 0.002649334, 0.044126631, 0.042032865, 0.017205661, 0.517678137, 0.030456174, 0.021043481, 0.011275475, 0.007167405, 0.009085591, 0.005809539, 0.511265445, 0.092520251, 0.063138876, 0.050258345, 0.022775704, 0.505437881, 0.003458685, 0.507709201, 0.514822392, 0.053681877, 0.029206166, 0.019566612, 0.509071212, 0.025284234, 0.054892255, 0.032757712, 0.03081843, 0.006252849, 0.029924862, 0.523349739, 0.025258408, 0.023493378, 0.018884734, 0.007331504, 0.50938194, 0.516031087, 0.504162427, 0.515875602, 0.509687216, 0.524199811, 0.527327154, 0.508891526, 0.510488313, 0.506794019, 0.504658283, 0.507216298, 0.505263323, 0.505469123, 0.502017902, 0.525350164, 0.503888797, 0.50820114, 0.510947072, 0.525057253, 0.516486881, 0.514054514, 0.530892604, 0.513071679, 0.541293842, 0.532087062, 0.504773308, 0.502975965, 0.513660583, 0.512663985]
